sample_id,chr,pos,ref,alt,impact
S12,chr1,1070757,G,C,MODERATE
S11,chr1,1084562,T,C,LOW
S01,chr1,1087727,G,C,MODERATE
S20,chr1,1109039,G,T,LOW
S18,chr1,1110065,A,C,LOW
S03,chr1,1111455,T,C,LOW
S16,chr1,1218133,T,G,MODERATE
S19,chr1,1249780,A,T,LOW
S15,chr1,1268489,A,G,LOW
S15,chr1,1287758,T,G,LOW
S15,chr1,1309633,T,C,MODERATE
S15,chr1,1391955,T,C,LOW
S20,chr1,1543908,C,A,MODERATE
S08,chr1,1610650,C,C,MODERATE
S11,chr1,1620185,T,A,LOW
S05,chr1,1628731,C,A,LOW
S22,chr1,1658429,G,T,MODERATE
S11,chr1,1664145,C,G,LOW
S19,chr1,1677551,A,G,HIGH
S16,chr1,1680769,G,G,LOW
S15,chr1,1689687,C,C,MODERATE
S20,chr1,1693762,C,C,LOW
S18,chr1,1717288,G,G,MODERATE
S18,chr1,1721648,A,C,LOW
S08,chr1,1765505,T,T,LOW
S18,chr1,1770282,C,T,MODERATE
S09,chr1,1789019,C,T,LOW
S13,chr1,1803706,G,T,HIGH
S08,chr1,1833803,C,A,LOW
S19,chr1,1833862,C,C,LOW
S11,chr1,1863192,C,G,LOW
S09,chr1,1867452,T,A,LOW
S23,chr1,1875405,G,T,MODERATE
S19,chr1,1932039,A,G,LOW
S22,chr1,1935921,C,C,MODERATE
S19,chr1,1954608,A,C,LOW
S12,chr1,1955410,G,T,MODERATE
S22,chr1,1961879,T,T,LOW
S23,chr1,2055505,A,C,LOW
S14,chr1,2058925,G,A,MODERATE
S17,chr1,2062563,G,A,LOW
S04,chr1,2088403,G,C,MODERATE
S22,chr1,2097408,T,G,MODERATE
S14,chr1,2098439,T,T,MODERATE
S06,chr1,2156256,A,G,MODERATE
S13,chr1,2195123,A,T,LOW
S06,chr1,2214197,G,C,LOW
S11,chr1,2224804,T,G,LOW
S02,chr1,2297142,G,C,LOW
S23,chr1,2299271,A,T,LOW
S05,chr1,2307012,T,A,LOW
S19,chr1,2373099,C,A,LOW
S12,chr1,2396845,A,A,LOW
S09,chr1,2454730,A,G,MODERATE
S08,chr1,2625016,T,C,LOW
S17,chr1,2666226,G,C,HIGH
S11,chr1,2676821,A,T,LOW
S21,chr1,2710798,A,G,LOW
S16,chr1,2739444,G,T,MODERATE
S03,chr1,2755526,C,A,LOW
S04,chr1,2762222,G,C,HIGH
S09,chr1,2770343,G,C,LOW
S01,chr1,2796017,A,T,LOW
S01,chr1,2813039,G,C,MODERATE
S18,chr1,2820765,C,G,LOW
S01,chr1,2860704,A,G,LOW
S17,chr1,2874512,G,G,LOW
S06,chr1,2886289,A,A,HIGH
S22,chr1,2903498,A,G,HIGH
S03,chr1,2906968,T,A,LOW
S07,chr1,2956341,G,C,LOW
S07,chr1,2976146,T,G,MODERATE
S19,chr1,2988521,G,T,LOW
S17,chr1,2996486,G,G,LOW
S05,chr1,2999138,C,C,MODERATE
S17,chr1,3017455,T,C,LOW
S19,chr1,3028325,G,A,LOW
S05,chr1,3053576,C,G,MODERATE
S03,chr1,3080663,A,A,HIGH
S19,chr1,3096044,A,T,LOW
S12,chr1,3098514,T,G,MODERATE
S19,chr1,3100483,T,C,LOW
S21,chr1,3104964,G,C,MODERATE
S19,chr1,3135285,C,C,LOW
S18,chr1,3178680,T,A,LOW
S16,chr1,3194389,G,A,LOW
S21,chr1,3265764,T,C,HIGH
S02,chr1,3320235,A,T,LOW
S13,chr1,3328481,G,G,LOW
S11,chr1,3386619,C,T,LOW
S18,chr1,3403870,T,G,MODERATE
S19,chr1,3405514,C,T,MODERATE
S02,chr1,3410029,C,T,LOW
S06,chr1,3467815,T,C,LOW
S03,chr1,3479037,A,G,LOW
S04,chr1,3503026,T,A,LOW
S22,chr1,3516868,C,A,LOW
S12,chr1,3519183,T,G,LOW
S07,chr1,3537668,C,A,LOW
S11,chr1,3550863,T,G,MODERATE
S19,chr1,3559142,C,G,LOW
S24,chr1,3571386,C,A,LOW
S13,chr1,3580476,G,T,HIGH
S14,chr1,3581048,A,T,LOW
S07,chr1,3582899,T,A,LOW
S09,chr1,3607970,C,T,LOW
S15,chr1,3629797,A,T,HIGH
S15,chr1,3635152,A,A,LOW
S23,chr1,3668788,A,C,LOW
S03,chr1,3672827,A,T,LOW
S08,chr1,3676070,A,T,LOW
S19,chr1,3755652,G,A,LOW
S14,chr1,3779761,C,A,LOW
S04,chr1,3872332,C,G,LOW
S19,chr1,3883912,A,A,LOW
S17,chr1,3896486,T,G,MODERATE
S02,chr1,3903209,A,T,MODERATE
S24,chr1,3926841,T,G,MODERATE
S01,chr1,3960226,T,G,LOW
S22,chr1,3984062,G,C,LOW
S02,chr1,4026766,A,C,MODERATE
S17,chr1,4042597,T,C,MODERATE
S10,chr1,4052185,C,A,MODERATE
S21,chr1,4092789,A,G,HIGH
S10,chr1,4103908,A,C,LOW
S07,chr1,4141001,G,A,MODERATE
S05,chr1,4144094,C,A,MODERATE
S15,chr1,4171185,A,T,LOW
S21,chr1,4175265,C,T,MODERATE
S23,chr1,4178609,A,G,LOW
S21,chr1,4224012,G,C,LOW
S22,chr1,4237075,C,C,LOW
S22,chr1,4291057,C,G,HIGH
S10,chr1,4342218,T,T,LOW
S10,chr1,4392164,A,C,LOW
S23,chr1,4409548,C,C,MODERATE
S08,chr1,4441358,A,C,LOW
S20,chr1,4458911,T,G,MODERATE
S23,chr1,4497523,T,A,LOW
S16,chr1,4535460,A,T,LOW
S10,chr1,4542753,A,G,LOW
S23,chr1,4568514,G,A,MODERATE
S20,chr1,4582963,A,T,MODERATE
S01,chr1,4616188,C,C,MODERATE
S05,chr1,4676197,A,T,MODERATE
S15,chr1,4678090,C,T,MODERATE
S17,chr1,4735727,C,G,HIGH
S07,chr1,4766441,A,C,MODERATE
S04,chr1,4767960,G,A,HIGH
S15,chr1,4801178,T,A,LOW
S18,chr1,4809098,G,T,LOW
S08,chr1,4830640,A,G,HIGH
S19,chr1,4861497,C,T,HIGH
S01,chr1,4908952,C,T,LOW
S13,chr1,4919255,C,A,MODERATE
S04,chr1,4972652,T,A,MODERATE
S02,chr1,4981922,T,G,LOW
S17,chr1,5001597,A,A,MODERATE
S11,chr1,5003208,C,T,MODERATE
S08,chr1,5032013,G,A,LOW
S24,chr1,5052771,G,A,LOW
S23,chr1,5114783,T,A,LOW
S21,chr1,5115059,A,A,MODERATE
S15,chr1,5130066,T,A,LOW
S02,chr1,5133047,G,A,LOW
S21,chr1,5135474,G,G,MODERATE
S13,chr1,5174408,C,A,LOW
S08,chr1,5183360,G,C,MODERATE
S16,chr1,5210362,A,A,MODERATE
S20,chr1,5220030,T,C,LOW
S18,chr1,5223852,A,C,MODERATE
S22,chr1,5232677,A,C,LOW
S11,chr1,5259676,T,T,LOW
S19,chr1,5273575,T,A,LOW
S07,chr1,5286140,A,G,HIGH
S16,chr1,5288687,C,C,LOW
S09,chr1,5291735,A,T,LOW
S13,chr1,5342411,A,T,LOW
S09,chr1,5364810,C,G,LOW
S12,chr1,5377415,C,T,LOW
S09,chr1,5378648,A,A,LOW
S21,chr1,5404247,T,C,LOW
S14,chr1,5407727,T,A,LOW
S17,chr1,5426341,T,C,LOW
S13,chr1,5445100,C,A,LOW
S05,chr1,5457160,A,A,LOW
S04,chr1,5478915,G,G,LOW
S24,chr1,5488512,A,T,MODERATE
S05,chr1,5514227,A,A,HIGH
S16,chr1,5585998,C,C,LOW
S20,chr1,5592054,G,A,MODERATE
S11,chr1,5676066,C,G,MODERATE
S22,chr1,5696904,A,G,LOW
S20,chr1,5713671,C,G,LOW
S10,chr1,5729943,C,T,MODERATE
S09,chr1,5771921,G,G,LOW
S02,chr1,5802069,C,C,LOW
S07,chr1,5891637,C,T,MODERATE
S04,chr1,5974496,G,G,MODERATE
S15,chr1,5976723,G,T,LOW
S01,chr1,6038545,C,A,LOW
S07,chr1,6083550,C,C,LOW
S24,chr1,6137192,T,A,MODERATE
S16,chr1,6188799,T,G,MODERATE
S04,chr1,6205865,G,T,LOW
S12,chr1,6288791,A,G,HIGH
S18,chr1,6491362,C,A,LOW
S15,chr1,6508154,A,T,LOW
S22,chr1,6509148,A,C,HIGH
S12,chr1,6524873,A,A,LOW
S13,chr1,6563206,A,G,LOW
S08,chr1,6580928,G,T,LOW
S20,chr1,6590425,C,A,LOW
S07,chr1,6592432,A,C,LOW
S11,chr1,6603523,C,A,HIGH
S05,chr1,6625905,G,A,HIGH
S10,chr1,6673138,C,T,MODERATE
S24,chr1,6673547,C,A,LOW
S13,chr1,6692451,A,C,LOW
S22,chr1,6730053,A,G,LOW
S22,chr1,6730811,A,C,LOW
S05,chr1,6743823,G,A,LOW
S17,chr1,6750804,C,T,HIGH
S04,chr1,6759043,A,C,MODERATE
S03,chr1,6774964,A,T,LOW
S03,chr1,6815322,A,T,MODERATE
S15,chr1,6819190,C,G,LOW
S11,chr1,6920773,T,C,MODERATE
S06,chr1,6962709,G,G,LOW
S08,chr1,7027940,T,T,LOW
S16,chr1,7048670,G,T,HIGH
S17,chr1,7077507,C,A,MODERATE
S15,chr1,7105831,A,A,MODERATE
S14,chr1,7157036,G,C,MODERATE
S15,chr1,7174433,A,C,LOW
S18,chr1,7205249,C,T,MODERATE
S16,chr1,7233080,C,C,MODERATE
S09,chr1,7233410,A,T,LOW
S09,chr1,7254537,A,C,LOW
S11,chr1,7307233,T,C,MODERATE
S21,chr1,7341446,T,C,LOW
S23,chr1,7398796,A,C,MODERATE
S04,chr1,7421182,A,T,LOW
S13,chr1,7498303,C,C,LOW
S09,chr1,7499419,G,G,LOW
S21,chr1,7504561,T,C,LOW
S02,chr1,7541481,G,T,LOW
S07,chr1,7560215,A,A,MODERATE
S20,chr1,7580351,T,T,LOW
S13,chr1,7615630,A,T,LOW
S23,chr1,7630305,C,A,LOW
S24,chr1,7640838,G,T,LOW
S01,chr1,7650779,A,G,LOW
S09,chr1,7673343,G,G,MODERATE
S19,chr1,7709961,T,G,MODERATE
S11,chr1,7786884,C,T,MODERATE
S07,chr1,7816910,G,C,LOW
S12,chr1,7827227,C,C,MODERATE
S19,chr1,7896499,G,C,LOW
S19,chr1,7901818,C,T,LOW
S07,chr1,7986261,G,T,LOW
S24,chr1,8016007,C,C,MODERATE
S06,chr1,8024181,G,C,LOW
S13,chr1,8033035,T,G,LOW
S17,chr1,8045493,A,T,LOW
S14,chr1,8048000,T,C,HIGH
S23,chr1,8062605,A,C,MODERATE
S07,chr1,8127872,T,G,MODERATE
S23,chr1,8143611,G,C,MODERATE
S06,chr1,8177553,T,T,MODERATE
S20,chr1,8182758,A,T,MODERATE
S21,chr1,8186185,C,A,LOW
S18,chr1,8194152,C,C,MODERATE
S04,chr1,8208749,A,T,MODERATE
S08,chr1,8214155,C,C,MODERATE
S12,chr1,8235871,C,A,MODERATE
S08,chr1,8258176,G,T,MODERATE
S17,chr1,8277808,T,G,MODERATE
S09,chr1,8285899,T,C,LOW
S08,chr1,8288908,A,C,LOW
S14,chr1,8305055,G,A,LOW
S10,chr1,8305485,A,T,HIGH
S14,chr1,8312225,G,G,MODERATE
S22,chr1,8377334,A,C,LOW
S03,chr1,8386399,G,T,MODERATE
S06,chr1,8445996,A,G,HIGH
S15,chr1,8497343,G,A,HIGH
S02,chr1,8498029,A,T,LOW
S24,chr1,8532175,G,G,LOW
S04,chr1,8535645,T,G,LOW
S08,chr1,8545644,T,A,LOW
S11,chr1,8568075,G,T,MODERATE
S02,chr1,8605692,G,C,LOW
S05,chr1,8608428,T,T,MODERATE
S07,chr1,8639219,G,A,MODERATE
S17,chr1,8655351,A,A,LOW
S03,chr1,8659828,G,A,LOW
S07,chr1,8661068,G,G,MODERATE
S12,chr1,8738460,G,G,MODERATE
S12,chr1,8753537,A,G,LOW
S04,chr1,8805581,T,C,MODERATE
S08,chr1,8827801,C,G,LOW
S12,chr1,8850496,C,T,LOW
S02,chr1,8855999,A,C,LOW
S17,chr1,8864072,C,G,HIGH
S11,chr1,8902952,C,C,MODERATE
S22,chr1,8953375,C,T,MODERATE
S12,chr1,9008009,G,A,LOW
S03,chr1,9063711,T,T,LOW
S11,chr1,9118626,C,A,MODERATE
S23,chr1,9142159,T,C,MODERATE
S03,chr1,9201689,A,G,MODERATE
S12,chr1,9251459,T,T,MODERATE
S15,chr1,9265351,T,G,MODERATE
S09,chr1,9272386,C,C,MODERATE
S14,chr1,9286592,C,T,LOW
S23,chr1,9300326,C,A,LOW
S13,chr1,9303584,G,T,LOW
S05,chr1,9320539,T,T,MODERATE
S15,chr1,9363797,C,A,LOW
S16,chr1,9402080,C,A,MODERATE
S08,chr1,9427423,C,A,LOW
S06,chr1,9462216,T,A,LOW
S09,chr1,9512895,G,A,LOW
S21,chr1,9574809,T,T,LOW
S02,chr1,9686731,C,T,LOW
S19,chr1,9691910,A,T,LOW
S14,chr1,9710381,A,T,LOW
S03,chr1,9782277,T,A,LOW
S13,chr1,9805098,T,G,LOW
S20,chr1,9892202,G,A,MODERATE
S19,chr1,9900562,G,A,LOW
S01,chr1,9974908,T,T,LOW
S17,chr1,9993798,G,C,LOW
S11,chr1,9994848,T,T,MODERATE
S13,chr1,10015659,G,T,MODERATE
S09,chr1,10202133,C,G,MODERATE
S10,chr1,10220375,T,T,LOW
S17,chr1,10233515,T,T,LOW
S08,chr1,10241512,C,C,LOW
S04,chr1,10262681,T,C,LOW
S12,chr1,10267239,A,A,LOW
S11,chr1,10278884,A,T,HIGH
S17,chr1,10291492,A,T,MODERATE
S14,chr1,10308659,T,T,LOW
S13,chr1,10379652,T,A,LOW
S02,chr1,10387251,A,T,LOW
S20,chr1,10389999,C,A,MODERATE
S21,chr1,10407339,T,C,LOW
S04,chr1,10431239,T,T,LOW
S21,chr1,10478215,G,A,MODERATE
S02,chr1,10494817,G,C,MODERATE
S10,chr1,10506504,C,T,HIGH
S02,chr1,10519165,C,A,LOW
S19,chr1,10524439,G,C,LOW
S10,chr1,10528690,G,T,LOW
S24,chr1,10570732,T,A,LOW
S04,chr1,10581460,T,A,LOW
S22,chr1,10641271,T,T,HIGH
S21,chr1,10696300,C,A,LOW
S07,chr1,10882778,C,G,LOW
S23,chr1,10897465,A,C,LOW
S24,chr1,10983698,T,T,MODERATE
S20,chr1,11002119,T,T,LOW
S20,chr1,11004439,T,T,LOW
S18,chr1,11005792,A,T,LOW
S24,chr1,11006626,C,G,LOW
S01,chr1,11080225,T,A,MODERATE
S23,chr1,11101025,C,A,HIGH
S19,chr1,11125384,T,A,LOW
S06,chr1,11128516,A,T,LOW
S10,chr1,11150240,C,G,LOW
S24,chr1,11165499,G,G,MODERATE
S19,chr1,11181485,C,G,LOW
S15,chr1,11207674,C,G,MODERATE
S09,chr1,11228897,A,C,LOW
S05,chr1,11289056,T,T,LOW
S05,chr1,11304660,T,C,LOW
S08,chr1,11334671,T,C,LOW
S09,chr1,11367378,A,T,LOW
S10,chr1,11406737,A,T,LOW
S08,chr1,11420396,A,C,LOW
S06,chr1,11467358,G,G,LOW
S02,chr1,11505461,A,T,LOW
S18,chr1,11556603,G,T,LOW
S01,chr1,11566306,G,G,HIGH
S04,chr1,11600330,T,C,MODERATE
S06,chr1,11601496,C,C,LOW
S14,chr1,11623962,T,T,LOW
S24,chr1,11664271,A,A,LOW
S10,chr1,11682646,T,G,MODERATE
S21,chr1,11766381,G,T,LOW
S14,chr1,11798829,C,G,LOW
S17,chr1,11801716,T,T,MODERATE
S24,chr1,11805709,T,G,MODERATE
S07,chr1,11830253,C,A,MODERATE
S17,chr1,11851623,G,C,MODERATE
S07,chr1,11895072,G,G,MODERATE
S18,chr1,11959902,A,A,LOW
S17,chr1,11971142,C,T,LOW
S11,chr1,11972643,C,A,LOW
S11,chr1,11984495,T,C,MODERATE
S02,chr2,1054756,C,C,LOW
S07,chr2,1055352,G,A,HIGH
S16,chr2,1070896,C,T,MODERATE
S21,chr2,1072273,C,G,MODERATE
S18,chr2,1109713,C,A,MODERATE
S21,chr2,1120686,C,T,LOW
S19,chr2,1161286,T,A,MODERATE
S08,chr2,1183827,C,T,LOW
S23,chr2,1251544,G,T,HIGH
S21,chr2,1274528,A,T,MODERATE
S23,chr2,1314854,C,G,LOW
S14,chr2,1378519,C,G,LOW
S23,chr2,1468661,T,A,LOW
S20,chr2,1488613,G,T,MODERATE
S15,chr2,1491698,A,G,LOW
S07,chr2,1493409,T,T,LOW
S22,chr2,1546314,A,G,LOW
S12,chr2,1553513,T,G,LOW
S18,chr2,1555899,A,C,MODERATE
S23,chr2,1612563,C,C,LOW
S08,chr2,1626910,A,T,LOW
S10,chr2,1642318,A,C,LOW
S19,chr2,1697629,C,A,MODERATE
S11,chr2,1760894,G,T,HIGH
S10,chr2,1790489,C,C,LOW
S08,chr2,1797848,G,A,LOW
S13,chr2,1813976,A,T,MODERATE
S13,chr2,1832516,C,T,MODERATE
S20,chr2,1850806,A,C,LOW
S13,chr2,1899760,C,T,LOW
S20,chr2,1943011,G,A,LOW
S13,chr2,1956253,A,T,LOW
S24,chr2,1956256,G,C,LOW
S11,chr2,1980754,T,G,MODERATE
S16,chr2,2003659,A,C,LOW
S12,chr2,2100869,A,T,MODERATE
S21,chr2,2147200,G,A,LOW
S14,chr2,2148233,T,C,MODERATE
S24,chr2,2182440,T,C,LOW
S11,chr2,2198820,T,A,MODERATE
S16,chr2,2212318,C,T,HIGH
S24,chr2,2240091,T,C,LOW
S20,chr2,2263309,T,T,LOW
S03,chr2,2265213,G,T,MODERATE
S06,chr2,2301049,T,T,HIGH
S02,chr2,2331225,T,G,MODERATE
S10,chr2,2333564,T,C,LOW
S16,chr2,2362059,G,A,LOW
S21,chr2,2388893,A,A,LOW
S17,chr2,2391385,G,G,MODERATE
S23,chr2,2417682,G,G,LOW
S09,chr2,2445670,G,G,LOW
S15,chr2,2508681,A,T,LOW
S07,chr2,2516109,T,C,LOW
S13,chr2,2564538,G,C,HIGH
S23,chr2,2567511,G,G,MODERATE
S12,chr2,2574476,T,A,LOW
S19,chr2,2581126,T,G,HIGH
S06,chr2,2642482,C,G,MODERATE
S16,chr2,2659959,G,C,HIGH
S02,chr2,2692433,T,A,MODERATE
S12,chr2,2724503,G,T,HIGH
S02,chr2,2735148,C,G,LOW
S15,chr2,2744972,A,C,LOW
S07,chr2,2745500,T,T,LOW
S07,chr2,2825483,T,C,MODERATE
S20,chr2,2847200,G,T,LOW
S21,chr2,2864883,T,A,MODERATE
S20,chr2,2885967,G,G,LOW
S16,chr2,2952739,T,G,LOW
S04,chr2,2974939,C,T,LOW
S10,chr2,2989649,T,G,LOW
S18,chr2,3019451,A,G,LOW
S22,chr2,3056788,G,C,LOW
S10,chr2,3070471,G,T,LOW
S05,chr2,3079115,G,C,MODERATE
S10,chr2,3086221,C,C,LOW
S11,chr2,3090560,A,A,HIGH
S17,chr2,3105293,G,A,LOW
S14,chr2,3111403,T,G,MODERATE
S03,chr2,3112220,G,T,LOW
S17,chr2,3201180,G,T,LOW
S05,chr2,3281193,T,G,HIGH
S07,chr2,3310753,C,A,LOW
S18,chr2,3319896,T,A,HIGH
S01,chr2,3398579,A,G,LOW
S16,chr2,3422517,T,T,HIGH
S04,chr2,3446888,G,T,LOW
S06,chr2,3456739,C,A,LOW
S19,chr2,3481880,C,T,LOW
S23,chr2,3481970,G,T,MODERATE
S21,chr2,3488409,T,A,MODERATE
S19,chr2,3509833,G,A,LOW
S15,chr2,3593678,T,T,LOW
S15,chr2,3595978,C,A,LOW
S01,chr2,3617636,T,T,LOW
S06,chr2,3644449,C,C,LOW
S06,chr2,3673296,G,G,LOW
S14,chr2,3710554,C,G,LOW
S17,chr2,3711830,T,C,LOW
S08,chr2,3733143,C,A,MODERATE
S16,chr2,3738845,A,T,MODERATE
S03,chr2,3741794,A,C,LOW
S13,chr2,3770523,G,A,LOW
S23,chr2,3781494,T,G,LOW
S18,chr2,3795765,A,G,LOW
S11,chr2,3819578,C,G,LOW
S09,chr2,3820359,T,G,LOW
S13,chr2,3826746,C,G,LOW
S03,chr2,3827423,C,C,LOW
S13,chr2,3832683,A,G,LOW
S05,chr2,3836624,C,C,MODERATE
S10,chr2,3843816,A,A,HIGH
S14,chr2,3889377,A,T,LOW
S07,chr2,3914846,C,T,HIGH
S20,chr2,3924648,G,C,MODERATE
S13,chr2,3950855,G,G,LOW
S22,chr2,3962412,T,C,MODERATE
S20,chr2,3975002,C,T,LOW
S10,chr2,3976888,C,G,LOW
S15,chr2,3996203,A,T,LOW
S20,chr2,3996342,C,G,LOW
S09,chr2,4000875,C,C,LOW
S09,chr2,4063791,C,C,MODERATE
S03,chr2,4103424,C,A,LOW
S19,chr2,4114269,A,A,LOW
S14,chr2,4117760,C,A,HIGH
S03,chr2,4161117,C,C,MODERATE
S13,chr2,4190889,G,A,LOW
S11,chr2,4208645,G,C,LOW
S17,chr2,4275888,T,T,MODERATE
S11,chr2,4302036,T,A,MODERATE
S16,chr2,4311135,G,T,LOW
S13,chr2,4332250,T,G,LOW
S13,chr2,4393964,G,A,LOW
S08,chr2,4396733,G,G,LOW
S22,chr2,4501410,G,G,MODERATE
S16,chr2,4519489,C,G,HIGH
S23,chr2,4588098,C,A,MODERATE
S24,chr2,4609663,T,G,MODERATE
S11,chr2,4610334,C,G,MODERATE
S07,chr2,4649551,A,C,LOW
S10,chr2,4657174,A,G,LOW
S03,chr2,4676825,A,G,LOW
S01,chr2,4750799,C,T,HIGH
S07,chr2,4763867,A,C,LOW
S07,chr2,4777676,G,C,MODERATE
S23,chr2,4806725,A,C,LOW
S03,chr2,4847865,A,T,LOW
S05,chr2,4918632,G,C,LOW
S19,chr2,4958988,T,G,MODERATE
S24,chr2,5015917,T,G,MODERATE
S18,chr2,5071969,G,C,LOW
S13,chr2,5072297,A,T,MODERATE
S02,chr2,5109810,A,A,LOW
S09,chr2,5116318,C,T,LOW
S19,chr2,5217753,T,A,LOW
S16,chr2,5238284,T,T,MODERATE
S24,chr2,5300751,C,A,LOW
S09,chr2,5332145,A,T,MODERATE
S14,chr2,5381850,C,T,MODERATE
S10,chr2,5401799,A,A,MODERATE
S11,chr2,5411825,C,T,LOW
S22,chr2,5440016,T,G,LOW
S05,chr2,5442315,A,C,LOW
S12,chr2,5452270,G,A,LOW
S24,chr2,5465913,C,T,MODERATE
S15,chr2,5555367,T,G,MODERATE
S03,chr2,5568872,G,C,LOW
S03,chr2,5643964,T,C,MODERATE
S21,chr2,5666863,T,A,LOW
S22,chr2,5691748,G,A,MODERATE
S15,chr2,5713593,C,A,LOW
S03,chr2,5719099,C,C,MODERATE
S03,chr2,5736867,A,T,LOW
S04,chr2,5740365,T,G,LOW
S08,chr2,5796176,C,G,LOW
S16,chr2,5806550,C,A,LOW
S09,chr2,5811924,G,G,LOW
S23,chr2,5821644,T,G,LOW
S10,chr2,5825331,G,A,LOW
S01,chr2,5855354,A,C,LOW
S02,chr2,5858856,G,C,LOW
S10,chr2,5859831,T,A,MODERATE
S04,chr2,5860870,A,A,LOW
S03,chr2,5862795,A,G,LOW
S09,chr2,5883686,G,T,LOW
S18,chr2,5884359,T,A,MODERATE
S19,chr2,5900101,T,G,LOW
S10,chr2,5931851,T,T,LOW
S06,chr2,5972484,A,G,LOW
S05,chr2,6055650,G,A,MODERATE
S05,chr2,6084997,G,C,LOW
S22,chr2,6162318,G,G,MODERATE
S23,chr2,6165970,C,A,LOW
S23,chr2,6176478,T,T,MODERATE
S15,chr2,6197831,A,T,MODERATE
S13,chr2,6203194,C,A,LOW
S05,chr2,6216381,G,G,LOW
S07,chr2,6237696,T,C,LOW
S11,chr2,6243899,A,T,MODERATE
S21,chr2,6264205,T,T,LOW
S10,chr2,6276847,A,G,MODERATE
S01,chr2,6304714,A,C,LOW
S10,chr2,6319992,C,T,LOW
S06,chr2,6345441,T,G,LOW
S19,chr2,6494260,G,T,LOW
S08,chr2,6509029,T,T,LOW
S11,chr2,6528222,G,G,LOW
S14,chr2,6591841,T,A,MODERATE
S19,chr2,6615725,A,C,LOW
S10,chr2,6672733,C,C,LOW
S22,chr2,6721682,G,A,MODERATE
S04,chr2,6738959,G,C,LOW
S17,chr2,6763170,T,A,LOW
S18,chr2,6861928,T,C,HIGH
S04,chr2,6862412,A,T,HIGH
S18,chr2,6891336,A,T,LOW
S08,chr2,6926819,C,A,MODERATE
S09,chr2,6949272,A,G,HIGH
S23,chr2,6966410,T,T,LOW
S15,chr2,7002398,T,C,LOW
S13,chr2,7182194,C,A,LOW
S18,chr2,7182705,G,T,MODERATE
S21,chr2,7193087,T,C,LOW
S14,chr2,7206165,C,G,LOW
S09,chr2,7208424,G,C,HIGH
S09,chr2,7215146,G,A,LOW
S02,chr2,7240721,A,A,HIGH
S07,chr2,7275806,C,G,HIGH
S11,chr2,7306133,G,C,LOW
S08,chr2,7310471,A,A,MODERATE
S14,chr2,7311593,G,A,HIGH
S19,chr2,7327150,T,G,LOW
S05,chr2,7327901,G,T,LOW
S03,chr2,7336320,G,T,MODERATE
S10,chr2,7338094,T,C,MODERATE
S03,chr2,7355866,C,T,LOW
S13,chr2,7357560,T,A,MODERATE
S06,chr2,7372176,A,C,MODERATE
S14,chr2,7401007,G,C,LOW
S17,chr2,7401985,A,A,LOW
S03,chr2,7418009,A,C,HIGH
S21,chr2,7420338,C,A,MODERATE
S11,chr2,7438175,G,C,LOW
S04,chr2,7467176,T,A,HIGH
S14,chr2,7508545,T,T,LOW
S23,chr2,7510034,T,C,LOW
S13,chr2,7532410,G,T,LOW
S06,chr2,7573978,G,A,LOW
S17,chr2,7606159,A,A,HIGH
S18,chr2,7609776,T,A,LOW
S05,chr2,7626595,A,G,MODERATE
S04,chr2,7629231,C,G,MODERATE
S24,chr2,7651162,T,C,HIGH
S14,chr2,7661734,C,G,MODERATE
S13,chr2,7674571,T,C,LOW
S08,chr2,7676632,T,C,LOW
S19,chr2,7702535,T,T,LOW
S14,chr2,7702904,A,T,HIGH
S14,chr2,7704746,A,T,MODERATE
S07,chr2,7785450,C,A,MODERATE
S03,chr2,7807541,T,A,MODERATE
S10,chr2,7819295,T,T,LOW
S05,chr2,7851737,G,C,LOW
S06,chr2,7914141,A,C,LOW
S10,chr2,7914604,A,A,HIGH
S17,chr2,7940016,T,G,LOW
S18,chr2,8010500,G,C,LOW
S04,chr2,8046359,G,G,MODERATE
S12,chr2,8117962,A,T,MODERATE
S22,chr2,8156639,T,C,MODERATE
S21,chr2,8195482,T,T,LOW
S20,chr2,8210322,G,T,MODERATE
S23,chr2,8228275,T,A,LOW
S22,chr2,8235918,C,A,LOW
S10,chr2,8240935,T,T,LOW
S13,chr2,8247367,C,G,LOW
S06,chr2,8317079,C,C,LOW
S02,chr2,8329154,C,T,LOW
S13,chr2,8405543,C,C,LOW
S22,chr2,8415839,T,T,LOW
S18,chr2,8419064,T,T,LOW
S14,chr2,8465220,A,T,LOW
S07,chr2,8505191,A,C,HIGH
S10,chr2,8564068,C,A,LOW
S07,chr2,8566285,T,G,LOW
S10,chr2,8607819,A,A,HIGH
S05,chr2,8617849,G,C,LOW
S04,chr2,8644049,G,T,MODERATE
S18,chr2,8653339,A,A,HIGH
S05,chr2,8655096,T,C,LOW
S15,chr2,8669983,C,A,LOW
S06,chr2,8681756,T,G,LOW
S08,chr2,8688726,G,G,LOW
S09,chr2,8753630,A,C,LOW
S02,chr2,8776062,C,C,LOW
S21,chr2,8788238,C,T,HIGH
S10,chr2,8792127,G,T,LOW
S09,chr2,8794301,C,T,LOW
S18,chr2,8831982,T,T,LOW
S01,chr2,8905464,A,T,LOW
S17,chr2,8929844,A,A,LOW
S10,chr2,8967769,C,C,LOW
S02,chr2,8976340,T,A,LOW
S23,chr2,8980888,C,C,LOW
S13,chr2,9006594,A,T,MODERATE
S17,chr2,9007553,C,G,MODERATE
S02,chr2,9039209,C,C,MODERATE
S10,chr2,9056311,C,G,LOW
S02,chr2,9188891,C,T,MODERATE
S03,chr2,9217370,G,T,LOW
S06,chr2,9256014,A,C,LOW
S11,chr2,9258431,T,C,HIGH
S10,chr2,9285609,T,A,LOW
S03,chr2,9295732,G,T,LOW
S19,chr2,9316941,G,T,LOW
S16,chr2,9383023,G,A,LOW
S03,chr2,9395824,G,G,LOW
S09,chr2,9398539,C,C,LOW
S19,chr2,9431062,C,C,MODERATE
S10,chr2,9462613,G,A,LOW
S13,chr2,9580555,C,G,HIGH
S07,chr2,9592079,A,T,MODERATE
S03,chr2,9598116,C,T,LOW
S23,chr2,9622216,G,T,HIGH
S15,chr2,9624978,A,G,LOW
S03,chr2,9627284,G,A,LOW
S17,chr2,9665195,G,C,HIGH
S03,chr2,9671967,G,G,MODERATE
S11,chr2,9704086,C,G,LOW
S23,chr2,9743972,G,T,MODERATE
S17,chr2,9762917,G,G,MODERATE
S10,chr2,9861805,A,C,LOW
S04,chr2,9903467,C,A,LOW
S23,chr2,9938186,A,C,LOW
S21,chr2,10055433,C,T,HIGH
S08,chr2,10076582,C,G,LOW
S02,chr2,10093633,T,G,HIGH
S17,chr2,10122627,A,G,LOW
S13,chr2,10151951,T,T,LOW
S24,chr2,10261837,T,A,LOW
S21,chr2,10284705,G,C,LOW
S10,chr2,10322405,A,T,LOW
S06,chr2,10384015,A,T,HIGH
S09,chr2,10391050,G,C,LOW
S21,chr2,10392420,C,C,MODERATE
S18,chr2,10417416,A,T,HIGH
S12,chr2,10420942,G,C,MODERATE
S19,chr2,10434002,C,T,LOW
S23,chr2,10443635,T,A,LOW
S21,chr2,10444216,C,G,MODERATE
S04,chr2,10460944,C,A,LOW
S03,chr2,10474973,A,G,LOW
S20,chr2,10481967,T,G,LOW
S20,chr2,10535237,G,C,MODERATE
S09,chr2,10546549,A,T,LOW
S16,chr2,10582196,A,A,LOW
S05,chr2,10625970,T,C,LOW
S24,chr2,10630720,A,C,MODERATE
S21,chr2,10699035,G,A,MODERATE
S17,chr2,10707449,C,T,LOW
S15,chr2,10745846,T,G,HIGH
S15,chr2,10746981,G,A,LOW
S21,chr2,10762964,T,G,LOW
S15,chr2,10809668,C,A,LOW
S02,chr2,10837203,G,T,LOW
S10,chr2,10854713,C,A,LOW
S06,chr2,10858591,G,T,LOW
S09,chr2,10916872,C,G,LOW
S18,chr2,10932619,T,A,MODERATE
S16,chr2,10948835,G,C,LOW
S20,chr2,11016030,C,C,MODERATE
S21,chr2,11090951,T,T,LOW
S08,chr2,11094580,C,A,LOW
S22,chr2,11135640,C,G,LOW
S16,chr2,11144095,G,C,LOW
S08,chr2,11196555,C,C,LOW
S20,chr2,11229445,C,G,HIGH
S13,chr2,11236702,A,C,MODERATE
S12,chr2,11253641,C,G,HIGH
S12,chr2,11289181,C,C,LOW
S21,chr2,11304716,T,T,MODERATE
S19,chr2,11449559,C,A,LOW
S09,chr2,11481346,C,G,MODERATE
S07,chr2,11502752,A,C,MODERATE
S16,chr2,11524326,G,A,LOW
S12,chr2,11612113,T,T,MODERATE
S03,chr2,11650644,C,G,MODERATE
S04,chr2,11694223,G,T,HIGH
S04,chr2,11709589,A,G,LOW
S12,chr2,11760823,C,C,LOW
S12,chr2,11815700,T,T,LOW
S21,chr2,11826380,C,T,LOW
S04,chr2,11831519,G,G,HIGH
S11,chr2,11846650,A,C,LOW
S03,chr2,11884568,A,G,MODERATE
S20,chr2,11919821,C,A,HIGH
S05,chr2,11920304,T,C,LOW
S01,chr3,1015746,C,T,LOW
S22,chr3,1050283,G,T,LOW
S09,chr3,1061289,A,G,LOW
S02,chr3,1097202,C,G,MODERATE
S01,chr3,1110452,A,G,LOW
S01,chr3,1142454,A,T,LOW
S10,chr3,1160086,C,G,HIGH
S18,chr3,1182166,G,G,LOW
S17,chr3,1191974,A,G,MODERATE
S06,chr3,1218683,A,C,LOW
S03,chr3,1223651,A,C,LOW
S14,chr3,1227334,G,T,LOW
S03,chr3,1241828,A,T,LOW
S18,chr3,1277609,T,T,LOW
S15,chr3,1309032,T,C,MODERATE
S17,chr3,1309234,C,G,LOW
S01,chr3,1327355,T,A,MODERATE
S21,chr3,1332142,C,G,LOW
S01,chr3,1412652,A,T,HIGH
S05,chr3,1428679,A,A,LOW
S11,chr3,1430148,A,A,HIGH
S18,chr3,1501721,A,C,MODERATE
S15,chr3,1534033,C,G,HIGH
S21,chr3,1630245,C,G,MODERATE
S22,chr3,1662375,T,C,LOW
S04,chr3,1683848,G,T,LOW
S22,chr3,1716360,A,A,LOW
S13,chr3,1743841,C,G,LOW
S20,chr3,1748746,T,A,LOW
S09,chr3,1765705,G,A,HIGH
S14,chr3,1791107,G,A,MODERATE
S01,chr3,1798445,A,G,LOW
S02,chr3,1799346,G,C,MODERATE
S20,chr3,1826518,C,A,HIGH
S22,chr3,1827845,T,A,LOW
S15,chr3,1831860,A,T,LOW
S02,chr3,1883391,C,G,MODERATE
S13,chr3,1908247,T,T,LOW
S13,chr3,1918821,C,C,MODERATE
S17,chr3,1925795,C,A,LOW
S02,chr3,1954372,C,T,LOW
S20,chr3,2018316,G,G,MODERATE
S12,chr3,2072472,G,A,LOW
S01,chr3,2075090,A,G,HIGH
S22,chr3,2096415,T,G,LOW
S16,chr3,2108608,T,T,LOW
S01,chr3,2118354,C,G,LOW
S11,chr3,2154925,G,A,LOW
S22,chr3,2178586,A,T,LOW
S23,chr3,2195670,T,G,HIGH
S03,chr3,2213864,T,C,MODERATE
S12,chr3,2268434,C,C,LOW
S06,chr3,2295809,A,G,LOW
S04,chr3,2304432,T,C,LOW
S18,chr3,2312087,T,C,HIGH
S06,chr3,2313679,T,T,LOW
S12,chr3,2330610,T,C,LOW
S06,chr3,2371294,C,T,MODERATE
S01,chr3,2413124,G,A,LOW
S07,chr3,2414052,A,T,MODERATE
S21,chr3,2438413,T,A,LOW
S13,chr3,2452457,A,G,LOW
S18,chr3,2472990,C,G,MODERATE
S24,chr3,2507810,C,A,LOW
S19,chr3,2562547,G,A,MODERATE
S22,chr3,2566125,A,C,HIGH
S03,chr3,2657902,G,C,MODERATE
S23,chr3,2698225,G,A,LOW
S21,chr3,2722055,A,C,MODERATE
S11,chr3,2744993,G,T,LOW
S16,chr3,2758219,G,T,LOW
S18,chr3,2853121,A,T,LOW
S21,chr3,2863992,G,A,LOW
S24,chr3,2891880,C,C,LOW
S20,chr3,3010552,C,A,LOW
S10,chr3,3012721,C,C,LOW
S23,chr3,3024318,G,G,MODERATE
S12,chr3,3064970,G,T,MODERATE
S03,chr3,3089237,C,T,LOW
S02,chr3,3093399,T,T,LOW
S11,chr3,3106408,C,T,LOW
S23,chr3,3144524,T,T,LOW
S02,chr3,3208025,A,A,LOW
S06,chr3,3217545,A,G,LOW
S24,chr3,3300967,C,A,LOW
S23,chr3,3326591,C,G,LOW
S02,chr3,3350205,G,G,HIGH
S14,chr3,3381839,C,C,MODERATE
S05,chr3,3413511,A,T,MODERATE
S06,chr3,3417069,C,T,LOW
S16,chr3,3517408,T,A,LOW
S14,chr3,3522144,C,C,LOW
S14,chr3,3553139,T,A,LOW
S17,chr3,3564504,A,C,MODERATE
S03,chr3,3621017,T,A,MODERATE
S12,chr3,3649275,T,A,LOW
S07,chr3,3689405,A,G,LOW
S05,chr3,3690033,C,C,MODERATE
S15,chr3,3766102,T,G,LOW
S15,chr3,3769767,C,C,MODERATE
S21,chr3,3777911,A,C,LOW
S05,chr3,3791728,C,T,LOW
S03,chr3,3833246,A,T,LOW
S01,chr3,3844718,A,T,MODERATE
S13,chr3,3912502,T,A,LOW
S22,chr3,3913854,G,A,LOW
S12,chr3,3942359,A,G,LOW
S16,chr3,3987766,C,G,LOW
S11,chr3,3996117,G,T,MODERATE
S12,chr3,4012269,A,A,LOW
S22,chr3,4109699,G,G,LOW
S05,chr3,4118520,A,C,MODERATE
S10,chr3,4163228,C,T,LOW
S01,chr3,4196317,G,C,LOW
S09,chr3,4201820,C,G,MODERATE
S22,chr3,4314076,G,C,MODERATE
S22,chr3,4327894,A,T,LOW
S22,chr3,4361138,C,C,LOW
S02,chr3,4367224,T,C,LOW
S03,chr3,4385295,G,A,MODERATE
S12,chr3,4385867,G,C,MODERATE
S07,chr3,4440637,G,T,MODERATE
S08,chr3,4464914,T,C,LOW
S06,chr3,4481191,T,A,LOW
S01,chr3,4542173,C,A,MODERATE
S15,chr3,4558818,T,A,LOW
S13,chr3,4596970,G,A,MODERATE
S16,chr3,4602893,T,A,HIGH
S17,chr3,4618082,C,G,LOW
S17,chr3,4636581,C,G,MODERATE
S04,chr3,4645572,T,C,LOW
S12,chr3,4684232,T,T,LOW
S19,chr3,4701946,T,G,MODERATE
S16,chr3,4726100,T,A,LOW
S22,chr3,4942685,C,C,LOW
S24,chr3,4979364,T,G,LOW
S22,chr3,4992087,A,A,LOW
S04,chr3,5025248,C,T,HIGH
S21,chr3,5047084,A,T,LOW
S01,chr3,5051885,C,T,LOW
S21,chr3,5061156,T,C,LOW
S11,chr3,5079682,G,C,LOW
S24,chr3,5094778,G,T,MODERATE
S16,chr3,5099486,T,C,HIGH
S21,chr3,5144286,C,T,LOW
S20,chr3,5147294,G,C,LOW
S01,chr3,5170159,T,G,MODERATE
S20,chr3,5173748,G,A,MODERATE
S03,chr3,5184826,G,G,HIGH
S02,chr3,5230458,T,C,LOW
S02,chr3,5261604,T,T,HIGH
S20,chr3,5272764,G,A,LOW
S10,chr3,5316025,T,C,LOW
S08,chr3,5317345,T,T,MODERATE
S22,chr3,5394314,G,C,LOW
S12,chr3,5398759,C,G,LOW
S07,chr3,5447917,G,T,MODERATE
S22,chr3,5449708,C,A,LOW
S19,chr3,5500597,C,A,LOW
S02,chr3,5507753,A,C,MODERATE
S11,chr3,5538757,G,G,LOW
S16,chr3,5563663,T,G,MODERATE
S09,chr3,5587563,C,G,HIGH
S05,chr3,5650030,G,G,LOW
S03,chr3,5653344,A,A,LOW
S04,chr3,5687017,C,C,LOW
S22,chr3,5720442,C,G,LOW
S06,chr3,5728030,A,G,LOW
S11,chr3,5731983,G,G,LOW
S15,chr3,5737214,C,C,LOW
S18,chr3,5768471,C,T,LOW
S16,chr3,5793703,C,A,MODERATE
S05,chr3,5804866,T,T,MODERATE
S12,chr3,5808507,G,A,LOW
S20,chr3,5817620,T,T,LOW
S07,chr3,5819711,A,C,LOW
S10,chr3,5825346,A,T,LOW
S06,chr3,5854116,A,G,MODERATE
S02,chr3,5865058,C,C,LOW
S23,chr3,5887392,A,T,LOW
S14,chr3,5910550,C,A,MODERATE
S03,chr3,5918944,A,C,LOW
S13,chr3,5973294,T,T,MODERATE
S06,chr3,6024890,T,C,HIGH
S18,chr3,6036912,T,G,MODERATE
S06,chr3,6042177,G,G,MODERATE
S04,chr3,6046374,G,C,LOW
S19,chr3,6068188,G,C,MODERATE
S12,chr3,6070683,A,T,MODERATE
S03,chr3,6091217,G,C,LOW
S15,chr3,6140762,A,A,LOW
S21,chr3,6193045,G,G,MODERATE
S01,chr3,6215751,G,T,LOW
S02,chr3,6262486,T,A,LOW
S20,chr3,6340791,T,G,HIGH
S03,chr3,6392993,G,T,HIGH
S12,chr3,6433152,G,A,LOW
S18,chr3,6436984,A,T,LOW
S24,chr3,6439104,C,G,MODERATE
S07,chr3,6457693,G,G,LOW
S20,chr3,6481156,C,T,MODERATE
S01,chr3,6527498,C,G,MODERATE
S15,chr3,6532169,G,A,LOW
S16,chr3,6584364,A,C,MODERATE
S21,chr3,6631270,G,G,LOW
S11,chr3,6674789,C,T,LOW
S07,chr3,6710403,G,G,LOW
S23,chr3,6735141,T,G,MODERATE
S12,chr3,6763764,T,A,HIGH
S04,chr3,6852863,A,T,LOW
S08,chr3,6880845,G,T,LOW
S11,chr3,6888761,T,A,MODERATE
S20,chr3,6940344,C,C,LOW
S11,chr3,6948464,G,G,MODERATE
S12,chr3,6961090,C,T,MODERATE
S03,chr3,6964741,C,A,LOW
S14,chr3,6965651,T,C,LOW
S13,chr3,6968212,A,G,LOW
S14,chr3,6985306,A,A,MODERATE
S01,chr3,7023806,G,A,MODERATE
S02,chr3,7032168,T,A,MODERATE
S13,chr3,7050428,T,A,HIGH
S21,chr3,7063270,C,A,LOW
S15,chr3,7120517,A,G,LOW
S05,chr3,7140064,A,A,MODERATE
S10,chr3,7206624,G,A,LOW
S24,chr3,7277213,T,C,MODERATE
S19,chr3,7289902,G,T,LOW
S14,chr3,7295282,A,T,MODERATE
S20,chr3,7303754,T,T,MODERATE
S04,chr3,7329828,A,C,LOW
S03,chr3,7348010,C,C,LOW
S12,chr3,7348631,T,T,MODERATE
S12,chr3,7356528,C,A,LOW
S05,chr3,7395046,C,T,LOW
S13,chr3,7397523,C,C,LOW
S02,chr3,7445927,G,G,HIGH
S20,chr3,7465629,T,C,MODERATE
S09,chr3,7466594,T,A,MODERATE
S11,chr3,7501034,G,G,LOW
S02,chr3,7503046,A,G,HIGH
S17,chr3,7582721,T,A,MODERATE
S07,chr3,7603870,C,C,LOW
S20,chr3,7606680,T,T,LOW
S05,chr3,7609466,C,T,LOW
S19,chr3,7613651,A,T,LOW
S21,chr3,7627143,G,C,LOW
S14,chr3,7679232,G,A,LOW
S04,chr3,7680576,A,C,LOW
S04,chr3,7691897,G,G,LOW
S07,chr3,7755001,A,C,LOW
S07,chr3,7760696,G,C,MODERATE
S17,chr3,7785578,T,A,MODERATE
S05,chr3,7830254,A,G,LOW
S18,chr3,7837175,A,T,MODERATE
S07,chr3,7844443,C,G,MODERATE
S04,chr3,7845318,T,T,MODERATE
S13,chr3,7848501,T,A,LOW
S21,chr3,7931629,G,A,MODERATE
S17,chr3,7942116,A,C,MODERATE
S14,chr3,7943267,G,G,LOW
S05,chr3,8024965,G,C,LOW
S03,chr3,8063098,G,A,MODERATE
S20,chr3,8075748,G,C,LOW
S02,chr3,8102840,T,C,LOW
S09,chr3,8107384,A,C,MODERATE
S06,chr3,8156659,G,G,MODERATE
S23,chr3,8205055,C,A,LOW
S20,chr3,8291510,T,T,MODERATE
S18,chr3,8338132,C,C,LOW
S14,chr3,8343006,G,A,LOW
S17,chr3,8347858,C,C,LOW
S10,chr3,8352154,A,C,HIGH
S09,chr3,8365164,A,A,LOW
S06,chr3,8411333,G,A,LOW
S16,chr3,8412250,T,C,LOW
S21,chr3,8438607,A,A,LOW
S13,chr3,8441596,G,G,LOW
S03,chr3,8441846,C,G,LOW
S11,chr3,8442922,T,A,LOW
S13,chr3,8443076,A,T,LOW
S07,chr3,8452357,G,T,MODERATE
S22,chr3,8505770,T,C,LOW
S09,chr3,8528219,T,C,LOW
S24,chr3,8543672,A,C,MODERATE
S18,chr3,8563593,T,A,MODERATE
S19,chr3,8618244,A,A,MODERATE
S17,chr3,8628631,T,A,LOW
S24,chr3,8651271,A,T,LOW
S13,chr3,8664688,G,A,MODERATE
S07,chr3,8665092,A,C,LOW
S03,chr3,8696367,C,C,LOW
S10,chr3,8743390,A,C,LOW
S20,chr3,8768294,C,C,LOW
S13,chr3,8768445,G,A,HIGH
S11,chr3,8788413,G,C,LOW
S09,chr3,8801021,A,A,LOW
S03,chr3,8885966,C,A,LOW
S24,chr3,8999913,T,A,MODERATE
S11,chr3,9005155,C,G,MODERATE
S24,chr3,9037181,A,A,LOW
S16,chr3,9066620,C,A,LOW
S07,chr3,9096804,C,G,LOW
S16,chr3,9115763,T,A,MODERATE
S05,chr3,9135182,A,G,MODERATE
S18,chr3,9158712,G,A,LOW
S16,chr3,9182021,G,G,HIGH
S03,chr3,9200675,T,G,MODERATE
S21,chr3,9219532,T,T,MODERATE
S14,chr3,9255605,T,C,LOW
S07,chr3,9283509,A,G,LOW
S10,chr3,9287232,A,A,HIGH
S21,chr3,9296234,G,A,LOW
S09,chr3,9315925,C,C,LOW
S03,chr3,9318421,T,A,MODERATE
S08,chr3,9386428,A,G,LOW
S17,chr3,9386584,A,G,LOW
S22,chr3,9459184,C,T,MODERATE
S09,chr3,9519029,T,C,LOW
S18,chr3,9547845,T,C,HIGH
S08,chr3,9553199,G,C,LOW
S21,chr3,9556430,G,C,MODERATE
S06,chr3,9556453,A,G,MODERATE
S06,chr3,9588472,C,T,LOW
S02,chr3,9589080,C,T,LOW
S10,chr3,9635322,A,G,LOW
S14,chr3,9712454,A,G,LOW
S01,chr3,9724039,C,G,LOW
S04,chr3,9733247,A,G,HIGH
S01,chr3,9765586,A,C,LOW
S08,chr3,9767303,A,A,LOW
S18,chr3,9803797,G,A,LOW
S12,chr3,9859692,C,G,MODERATE
S12,chr3,9882609,G,C,LOW
S15,chr3,9897870,C,C,LOW
S18,chr3,9904884,G,C,MODERATE
S12,chr3,10017978,T,T,LOW
S19,chr3,10020496,C,G,LOW
S09,chr3,10040811,G,A,LOW
S14,chr3,10068189,A,G,MODERATE
S06,chr3,10070077,C,T,LOW
S15,chr3,10111262,A,G,MODERATE
S07,chr3,10222123,C,A,HIGH
S02,chr3,10310396,A,T,LOW
S24,chr3,10328550,T,A,LOW
S16,chr3,10329210,C,T,LOW
S15,chr3,10338788,C,T,HIGH
S21,chr3,10383662,T,C,LOW
S03,chr3,10384213,A,A,MODERATE
S15,chr3,10400408,C,T,LOW
S03,chr3,10410572,G,C,LOW
S13,chr3,10443222,A,T,LOW
S04,chr3,10443744,A,A,LOW
S04,chr3,10461882,G,G,MODERATE
S01,chr3,10463600,G,T,MODERATE
S24,chr3,10492830,C,G,HIGH
S07,chr3,10538577,G,G,LOW
S24,chr3,10566260,A,T,LOW
S21,chr3,10586997,C,C,MODERATE
S11,chr3,10591588,G,A,LOW
S21,chr3,10599380,G,A,LOW
S05,chr3,10624229,G,A,LOW
S13,chr3,10766473,T,A,LOW
S15,chr3,10785714,C,A,LOW
S06,chr3,10886054,T,A,LOW
S02,chr3,10920852,C,G,HIGH
S02,chr3,10972188,C,C,MODERATE
S08,chr3,10977607,G,G,MODERATE
S21,chr3,11021297,A,C,LOW
S07,chr3,11089926,A,A,LOW
S08,chr3,11138749,A,T,LOW
S20,chr3,11158252,G,C,LOW
S11,chr3,11164607,T,T,LOW
S05,chr3,11177626,A,G,LOW
S18,chr3,11195787,C,A,LOW
S13,chr3,11201222,A,G,LOW
S18,chr3,11253018,C,A,LOW
S09,chr3,11338558,G,A,LOW
S21,chr3,11387658,C,G,MODERATE
S02,chr3,11406440,A,C,LOW
S08,chr3,11453887,C,A,LOW
S08,chr3,11496702,C,C,LOW
S22,chr3,11523179,A,C,LOW
S13,chr3,11552684,A,G,LOW
S05,chr3,11579379,A,G,LOW
S24,chr3,11603497,G,A,LOW
S08,chr3,11632383,C,C,LOW
S19,chr3,11640735,T,T,LOW
S19,chr3,11662215,A,A,LOW
S23,chr3,11663825,C,A,LOW
S08,chr3,11668139,G,T,MODERATE
S19,chr3,11697466,T,G,MODERATE
S02,chr3,11748267,C,T,LOW
S11,chr3,11768390,A,A,LOW
S17,chr3,11848349,C,C,LOW
S10,chr3,11859505,C,G,HIGH
S22,chr3,11914317,C,A,LOW
S13,chr3,11915959,T,T,LOW
S18,chr3,11950116,C,G,LOW
S05,chr4,1017984,G,C,LOW
S17,chr4,1040359,A,A,LOW
S10,chr4,1044859,C,A,LOW
S03,chr4,1046214,A,T,LOW
S23,chr4,1059164,C,A,LOW
S20,chr4,1159639,A,T,LOW
S21,chr4,1203444,C,A,LOW
S19,chr4,1207290,C,A,MODERATE
S21,chr4,1209368,C,C,MODERATE
S13,chr4,1210741,A,C,MODERATE
S17,chr4,1219643,G,G,MODERATE
S17,chr4,1223766,T,C,LOW
S13,chr4,1237068,G,A,LOW
S13,chr4,1271027,C,T,MODERATE
S22,chr4,1275307,A,A,LOW
S19,chr4,1282990,A,T,HIGH
S07,chr4,1306442,C,T,LOW
S07,chr4,1390223,C,A,LOW
S01,chr4,1432918,G,C,LOW
S13,chr4,1487532,G,G,MODERATE
S06,chr4,1498963,A,T,MODERATE
S18,chr4,1512451,T,A,LOW
S12,chr4,1544490,C,C,LOW
S07,chr4,1626248,A,A,LOW
S04,chr4,1628566,C,G,MODERATE
S19,chr4,1653696,G,T,LOW
S03,chr4,1713154,G,C,MODERATE
S04,chr4,1714873,C,T,LOW
S06,chr4,1730270,G,A,LOW
S07,chr4,1765418,A,C,HIGH
S17,chr4,1815006,A,G,LOW
S15,chr4,1823795,C,A,MODERATE
S14,chr4,1843806,T,G,LOW
S17,chr4,1867750,C,C,LOW
S21,chr4,1887340,T,G,LOW
S21,chr4,1916590,C,A,MODERATE
S24,chr4,1932050,A,A,LOW
S04,chr4,1935342,C,A,HIGH
S19,chr4,1995254,C,A,LOW
S02,chr4,1996060,C,T,HIGH
S17,chr4,2001062,T,C,LOW
S03,chr4,2015702,T,C,LOW
S05,chr4,2038262,G,A,LOW
S13,chr4,2054281,G,T,MODERATE
S04,chr4,2069356,T,A,MODERATE
S12,chr4,2102666,G,A,LOW
S09,chr4,2115931,T,G,LOW
S06,chr4,2124328,G,T,LOW
S01,chr4,2145186,T,G,LOW
S07,chr4,2154501,G,G,LOW
S18,chr4,2169274,A,A,MODERATE
S12,chr4,2209097,T,C,MODERATE
S23,chr4,2244683,C,C,LOW
S08,chr4,2247433,T,T,LOW
S02,chr4,2263136,G,G,MODERATE
S12,chr4,2326361,C,A,MODERATE
S10,chr4,2332414,T,T,LOW
S23,chr4,2346302,G,T,MODERATE
S16,chr4,2364820,G,A,LOW
S12,chr4,2384329,A,T,LOW
S23,chr4,2387701,G,A,LOW
S03,chr4,2390588,G,A,MODERATE
S24,chr4,2402867,G,C,MODERATE
S13,chr4,2416720,T,G,MODERATE
S17,chr4,2496149,C,T,LOW
S20,chr4,2517232,T,C,MODERATE
S14,chr4,2547446,A,C,MODERATE
S19,chr4,2637171,G,G,LOW
S21,chr4,2663518,A,C,LOW
S15,chr4,2673294,C,T,LOW
S04,chr4,2675552,T,T,LOW
S16,chr4,2684227,G,A,LOW
S01,chr4,2685637,T,C,MODERATE
S13,chr4,2700285,C,A,LOW
S18,chr4,2720324,G,C,LOW
S07,chr4,2822307,A,C,LOW
S05,chr4,2864777,A,A,LOW
S22,chr4,2868494,A,T,MODERATE
S23,chr4,2887882,A,A,LOW
S17,chr4,2918534,T,T,LOW
S16,chr4,2942845,T,A,LOW
S16,chr4,2949983,C,C,MODERATE
S20,chr4,2953756,A,A,LOW
S08,chr4,2953905,C,G,LOW
S09,chr4,2992877,T,A,LOW
S14,chr4,2997445,A,G,LOW
S18,chr4,3018730,T,T,MODERATE
S23,chr4,3084997,C,A,LOW
S15,chr4,3087896,G,A,MODERATE
S15,chr4,3090559,T,T,MODERATE
S07,chr4,3137279,G,A,LOW
S01,chr4,3142667,G,A,MODERATE
S19,chr4,3148120,T,A,LOW
S06,chr4,3173030,G,T,MODERATE
S10,chr4,3200249,A,T,LOW
S23,chr4,3265045,G,A,MODERATE
S07,chr4,3332190,A,T,LOW
S09,chr4,3353190,G,T,LOW
S23,chr4,3369606,A,C,LOW
S22,chr4,3384555,T,G,HIGH
S21,chr4,3434872,A,C,LOW
S23,chr4,3446233,T,T,LOW
S10,chr4,3471862,G,C,MODERATE
S01,chr4,3496301,G,A,LOW
S24,chr4,3544481,T,G,LOW
S17,chr4,3559906,T,C,LOW
S09,chr4,3574113,C,A,MODERATE
S06,chr4,3583489,T,T,MODERATE
S11,chr4,3593695,G,C,LOW
S11,chr4,3641384,G,C,LOW
S19,chr4,3666523,T,C,LOW
S02,chr4,3704804,G,A,HIGH
S05,chr4,3720613,T,T,LOW
S04,chr4,3804480,G,C,MODERATE
S05,chr4,3807923,C,A,LOW
S06,chr4,3838465,C,C,LOW
S01,chr4,3865137,A,C,LOW
S18,chr4,3875582,T,C,LOW
S21,chr4,3929490,A,T,LOW
S07,chr4,3937025,A,C,LOW
S11,chr4,3962317,C,T,LOW
S03,chr4,3974765,A,T,HIGH
S10,chr4,3985889,T,A,LOW
S09,chr4,3991577,G,A,LOW
S18,chr4,4018055,T,A,LOW
S04,chr4,4020352,T,T,MODERATE
S24,chr4,4102273,T,A,LOW
S10,chr4,4156793,A,T,LOW
S08,chr4,4159087,G,G,HIGH
S19,chr4,4180256,A,A,MODERATE
S04,chr4,4236018,A,T,MODERATE
S02,chr4,4257466,A,A,MODERATE
S10,chr4,4261012,G,A,LOW
S20,chr4,4262030,A,T,LOW
S01,chr4,4349053,C,C,LOW
S09,chr4,4357674,G,A,LOW
S23,chr4,4402431,A,T,MODERATE
S12,chr4,4414210,T,T,LOW
S01,chr4,4480653,T,C,LOW
S10,chr4,4521863,G,C,LOW
S22,chr4,4535890,A,G,MODERATE
S19,chr4,4544939,A,C,LOW
S02,chr4,4589129,C,T,LOW
S24,chr4,4593280,G,A,LOW
S02,chr4,4603361,G,T,LOW
S22,chr4,4623526,T,A,LOW
S06,chr4,4646653,T,C,MODERATE
S04,chr4,4655346,G,G,HIGH
S09,chr4,4680639,G,G,MODERATE
S15,chr4,4692561,C,G,LOW
S08,chr4,4708279,G,T,LOW
S03,chr4,4723477,C,T,LOW
S19,chr4,4725258,T,T,LOW
S05,chr4,4756306,T,G,LOW
S15,chr4,4758257,G,C,LOW
S01,chr4,4804818,G,T,MODERATE
S20,chr4,4817113,G,A,LOW
S07,chr4,4823562,T,G,LOW
S09,chr4,4830567,C,T,LOW
S05,chr4,4831187,A,C,MODERATE
S19,chr4,4918983,G,C,LOW
S09,chr4,4922680,A,G,LOW
S18,chr4,4934526,G,C,LOW
S09,chr4,4947011,T,A,LOW
S14,chr4,4964767,A,T,MODERATE
S06,chr4,4967288,T,T,LOW
S11,chr4,4985355,T,T,LOW
S14,chr4,5031761,G,C,LOW
S10,chr4,5062651,T,A,LOW
S10,chr4,5075548,T,T,MODERATE
S11,chr4,5140671,G,A,MODERATE
S05,chr4,5216266,A,T,LOW
S01,chr4,5237865,A,C,MODERATE
S18,chr4,5252872,G,C,LOW
S10,chr4,5276181,C,C,LOW
S15,chr4,5301783,T,T,LOW
S13,chr4,5319990,G,A,HIGH
S08,chr4,5440529,C,G,LOW
S05,chr4,5524991,G,C,LOW
S16,chr4,5535379,A,A,MODERATE
S14,chr4,5541857,G,C,MODERATE
S02,chr4,5545141,C,A,MODERATE
S02,chr4,5564855,A,A,LOW
S17,chr4,5641806,G,C,LOW
S08,chr4,5723955,T,G,LOW
S05,chr4,5735992,C,A,LOW
S23,chr4,5745124,A,A,HIGH
S21,chr4,5782833,T,G,LOW
S08,chr4,5823710,C,G,LOW
S19,chr4,5853711,A,G,MODERATE
S20,chr4,5888248,G,T,LOW
S03,chr4,5970253,G,G,LOW
S16,chr4,5989724,A,C,LOW
S14,chr4,6045550,C,A,HIGH
S23,chr4,6059259,T,G,MODERATE
S15,chr4,6080590,C,T,MODERATE
S21,chr4,6162285,C,G,MODERATE
S19,chr4,6209647,T,A,MODERATE
S17,chr4,6255668,T,C,MODERATE
S01,chr4,6299797,A,C,LOW
S17,chr4,6314314,G,A,LOW
S09,chr4,6336809,A,G,MODERATE
S03,chr4,6376688,G,C,LOW
S21,chr4,6414000,C,T,LOW
S11,chr4,6472791,A,A,MODERATE
S17,chr4,6477973,T,C,MODERATE
S17,chr4,6480678,A,C,MODERATE
S02,chr4,6539654,T,C,LOW
S08,chr4,6597124,A,A,LOW
S21,chr4,6621531,C,C,MODERATE
S19,chr4,6645457,A,A,LOW
S17,chr4,6674594,G,G,LOW
S20,chr4,6689083,T,T,LOW
S03,chr4,6718925,T,T,MODERATE
S18,chr4,6733780,T,A,MODERATE
S04,chr4,6733891,T,C,HIGH
S05,chr4,6738249,A,G,LOW
S18,chr4,6741172,G,A,LOW
S18,chr4,6755399,T,C,HIGH
S12,chr4,6781481,A,G,LOW
S15,chr4,6782478,G,C,LOW
S02,chr4,6891100,G,C,HIGH
S09,chr4,6937027,T,A,LOW
S10,chr4,6944109,A,A,LOW
S13,chr4,6944996,G,T,MODERATE
S11,chr4,6945508,T,T,LOW
S13,chr4,7008756,A,A,LOW
S13,chr4,7020229,A,G,LOW
S20,chr4,7044675,C,G,LOW
S03,chr4,7058227,T,G,LOW
S18,chr4,7064669,T,G,LOW
S08,chr4,7071386,G,A,LOW
S14,chr4,7084941,T,T,MODERATE
S11,chr4,7085195,C,C,LOW
S13,chr4,7096672,A,C,HIGH
S24,chr4,7116250,G,A,LOW
S08,chr4,7161609,T,C,HIGH
S08,chr4,7179534,G,G,MODERATE
S17,chr4,7234431,G,C,MODERATE
S02,chr4,7246741,T,T,MODERATE
S03,chr4,7263148,G,G,LOW
S10,chr4,7270631,A,G,LOW
S19,chr4,7284754,A,A,LOW
S09,chr4,7289894,C,G,MODERATE
S08,chr4,7379851,A,A,LOW
S01,chr4,7431288,T,A,LOW
S16,chr4,7450657,G,A,MODERATE
S04,chr4,7478173,G,C,MODERATE
S11,chr4,7494186,C,G,LOW
S13,chr4,7503695,G,C,LOW
S13,chr4,7559394,A,A,LOW
S20,chr4,7610621,C,A,LOW
S07,chr4,7649644,A,G,LOW
S21,chr4,7650223,T,G,LOW
S12,chr4,7666953,A,A,LOW
S13,chr4,7689126,C,G,MODERATE
S24,chr4,7737659,A,G,MODERATE
S10,chr4,7762666,C,T,LOW
S06,chr4,7830809,T,C,MODERATE
S02,chr4,7852291,A,A,LOW
S17,chr4,7888011,T,G,LOW
S22,chr4,7901885,G,T,LOW
S22,chr4,7905430,C,A,MODERATE
S09,chr4,7918816,T,C,LOW
S05,chr4,7943414,A,A,LOW
S14,chr4,7985023,T,A,LOW
S15,chr4,8000793,C,G,HIGH
S24,chr4,8010068,G,G,LOW
S19,chr4,8020150,A,A,LOW
S24,chr4,8028008,C,T,MODERATE
S06,chr4,8029406,A,G,LOW
S17,chr4,8039759,G,A,MODERATE
S18,chr4,8056976,T,C,LOW
S21,chr4,8059525,C,C,LOW
S03,chr4,8073227,A,G,LOW
S06,chr4,8087934,G,T,LOW
S12,chr4,8101564,A,G,LOW
S19,chr4,8156321,T,C,MODERATE
S03,chr4,8193366,G,T,LOW
S14,chr4,8209418,A,C,MODERATE
S06,chr4,8227610,C,C,LOW
S10,chr4,8266020,T,C,LOW
S10,chr4,8334174,T,T,LOW
S08,chr4,8381687,T,A,LOW
S19,chr4,8439753,C,A,MODERATE
S10,chr4,8440574,A,G,MODERATE
S18,chr4,8450134,A,T,HIGH
S18,chr4,8471511,C,G,HIGH
S10,chr4,8542099,A,G,HIGH
S19,chr4,8552349,C,G,MODERATE
S22,chr4,8556707,G,C,MODERATE
S10,chr4,8598311,T,A,LOW
S03,chr4,8610423,A,A,LOW
S19,chr4,8673243,G,A,MODERATE
S24,chr4,8705109,T,A,LOW
S01,chr4,8735528,C,A,MODERATE
S16,chr4,8753433,C,A,HIGH
S13,chr4,8787980,C,A,MODERATE
S15,chr4,8819221,C,G,LOW
S06,chr4,8842929,C,C,LOW
S24,chr4,8844784,A,T,LOW
S14,chr4,8953243,T,A,LOW
S09,chr4,8975196,G,C,LOW
S19,chr4,8976715,G,T,MODERATE
S03,chr4,8980214,C,G,LOW
S06,chr4,8988722,G,A,HIGH
S23,chr4,8989095,T,C,LOW
S18,chr4,8999084,A,T,LOW
S23,chr4,9055243,C,G,LOW
S11,chr4,9056461,G,A,MODERATE
S22,chr4,9124684,A,G,LOW
S17,chr4,9136146,A,A,LOW
S17,chr4,9205080,A,A,LOW
S17,chr4,9251474,C,G,LOW
S02,chr4,9279862,T,T,LOW
S21,chr4,9329408,T,A,HIGH
S01,chr4,9342566,T,C,MODERATE
S22,chr4,9387236,A,A,MODERATE
S22,chr4,9449647,C,G,LOW
S23,chr4,9453274,C,T,LOW
S09,chr4,9478218,T,C,LOW
S23,chr4,9499191,C,G,LOW
S07,chr4,9518477,T,T,MODERATE
S20,chr4,9518484,G,C,MODERATE
S03,chr4,9522842,C,G,MODERATE
S10,chr4,9566376,G,G,MODERATE
S02,chr4,9577508,A,T,LOW
S09,chr4,9628606,A,C,LOW
S18,chr4,9632650,A,C,LOW
S21,chr4,9644033,A,C,LOW
S05,chr4,9649270,G,T,MODERATE
S11,chr4,9678240,A,G,LOW
S06,chr4,9693292,G,C,MODERATE
S19,chr4,9704687,G,G,MODERATE
S10,chr4,9792948,T,T,MODERATE
S09,chr4,9807919,T,A,LOW
S23,chr4,9883435,T,T,HIGH
S20,chr4,9884293,G,C,LOW
S08,chr4,9930457,C,T,LOW
S11,chr4,9944251,C,A,LOW
S20,chr4,9984353,G,C,LOW
S01,chr4,10056009,T,A,LOW
S17,chr4,10142436,T,A,LOW
S22,chr4,10148148,T,A,HIGH
S19,chr4,10164198,A,T,MODERATE
S08,chr4,10168074,C,A,LOW
S11,chr4,10168817,T,T,HIGH
S15,chr4,10190245,C,T,LOW
S18,chr4,10209374,C,A,MODERATE
S02,chr4,10231784,T,A,HIGH
S18,chr4,10258025,C,C,MODERATE
S22,chr4,10268603,C,A,LOW
S21,chr4,10311151,T,G,LOW
S20,chr4,10311987,A,C,LOW
S23,chr4,10358716,A,G,LOW
S08,chr4,10365755,G,C,MODERATE
S02,chr4,10372259,T,C,LOW
S16,chr4,10396468,T,T,MODERATE
S03,chr4,10400461,A,C,MODERATE
S10,chr4,10445904,A,G,LOW
S15,chr4,10448107,A,T,MODERATE
S20,chr4,10450633,G,A,LOW
S20,chr4,10479614,C,G,LOW
S02,chr4,10492116,C,G,MODERATE
S13,chr4,10535019,G,G,MODERATE
S07,chr4,10563613,T,A,LOW
S17,chr4,10616489,A,C,LOW
S21,chr4,10703903,A,G,HIGH
S19,chr4,10709609,A,C,LOW
S13,chr4,10724134,A,T,LOW
S05,chr4,10736828,T,T,LOW
S14,chr4,10770286,T,T,MODERATE
S01,chr4,10791427,A,G,LOW
S11,chr4,10824252,C,T,MODERATE
S06,chr4,10838584,G,C,LOW
S08,chr4,10855211,G,G,LOW
S17,chr4,10885354,A,G,LOW
S02,chr4,10885891,T,T,LOW
S24,chr4,10899564,G,T,MODERATE
S09,chr4,10926385,T,T,LOW
S13,chr4,10926454,A,G,MODERATE
S05,chr4,10955908,T,A,LOW
S02,chr4,10962477,G,G,LOW
S04,chr4,10970474,T,A,LOW
S24,chr4,10984431,T,A,MODERATE
S01,chr4,10994497,A,G,LOW
S12,chr4,10997403,C,A,MODERATE
S21,chr4,11005273,C,C,LOW
S15,chr4,11021050,G,A,LOW
S23,chr4,11063288,G,A,LOW
S07,chr4,11076160,G,T,LOW
S19,chr4,11086885,C,T,MODERATE
S19,chr4,11142356,C,T,LOW
S24,chr4,11144820,T,G,MODERATE
S08,chr4,11162387,C,C,HIGH
S03,chr4,11170162,T,C,LOW
S05,chr4,11201816,C,G,MODERATE
S14,chr4,11213761,C,A,LOW
S10,chr4,11268799,T,C,MODERATE
S16,chr4,11304150,T,G,LOW
S21,chr4,11340036,C,C,LOW
S07,chr4,11379741,T,T,LOW
S09,chr4,11420147,G,T,LOW
S10,chr4,11434178,C,G,MODERATE
S13,chr4,11467681,T,T,HIGH
S18,chr4,11481753,A,C,MODERATE
S09,chr4,11525045,G,C,LOW
S17,chr4,11561215,T,A,LOW
S12,chr4,11565978,T,T,MODERATE
S11,chr4,11568764,T,T,LOW
S12,chr4,11607721,T,T,HIGH
S15,chr4,11626650,G,C,MODERATE
S20,chr4,11642114,G,A,LOW
S01,chr4,11656418,A,C,LOW
S08,chr4,11656591,G,C,LOW
S22,chr4,11658509,A,A,HIGH
S23,chr4,11677841,A,A,MODERATE
S01,chr4,11724289,G,A,MODERATE
S02,chr4,11739301,C,G,MODERATE
S01,chr4,11767758,C,C,MODERATE
S06,chr4,11806274,C,T,MODERATE
S03,chr4,11865222,G,T,LOW
S01,chr4,11941459,C,C,MODERATE
S15,chr4,11971369,G,G,MODERATE
S12,chr4,11999227,A,A,MODERATE
S08,chr5,1096921,T,C,MODERATE
S24,chr5,1151743,G,T,HIGH
S04,chr5,1170416,T,A,MODERATE
S15,chr5,1180034,G,G,LOW
S05,chr5,1182465,G,A,MODERATE
S01,chr5,1187754,G,T,LOW
S07,chr5,1258493,T,A,MODERATE
S13,chr5,1265506,C,C,LOW
S07,chr5,1271493,A,C,MODERATE
S16,chr5,1292195,C,T,LOW
S12,chr5,1337890,A,T,MODERATE
S07,chr5,1342533,A,A,HIGH
S13,chr5,1345469,T,T,LOW
S12,chr5,1354708,T,T,MODERATE
S24,chr5,1383657,G,T,LOW
S09,chr5,1395448,A,A,LOW
S10,chr5,1409628,C,C,HIGH
S12,chr5,1426127,G,T,LOW
S14,chr5,1431534,C,T,LOW
S16,chr5,1443380,T,C,HIGH
S18,chr5,1478240,T,T,LOW
S21,chr5,1543016,C,G,HIGH
S07,chr5,1544722,G,G,LOW
S09,chr5,1547069,C,T,LOW
S15,chr5,1573825,T,A,MODERATE
S13,chr5,1597179,T,T,LOW
S22,chr5,1611704,C,A,LOW
S02,chr5,1694374,C,G,LOW
S18,chr5,1710128,G,C,LOW
S11,chr5,1710683,A,T,MODERATE
S14,chr5,1715350,C,A,HIGH
S02,chr5,1752793,G,G,MODERATE
S03,chr5,1765121,G,G,MODERATE
S23,chr5,1773190,A,A,LOW
S04,chr5,1828360,A,C,HIGH
S14,chr5,1843079,C,G,LOW
S17,chr5,1850378,G,G,LOW
S06,chr5,1867694,G,G,LOW
S10,chr5,1882458,C,T,MODERATE
S05,chr5,1910712,T,A,LOW
S13,chr5,1940922,T,A,LOW
S19,chr5,2019763,C,G,MODERATE
S18,chr5,2148025,C,A,LOW
S11,chr5,2211183,A,A,LOW
S21,chr5,2246387,A,G,LOW
S04,chr5,2298950,C,G,LOW
S15,chr5,2299796,G,C,LOW
S22,chr5,2380985,C,C,HIGH
S06,chr5,2438007,C,G,MODERATE
S04,chr5,2443974,C,G,LOW
S17,chr5,2451960,A,A,LOW
S18,chr5,2536071,C,T,LOW
S15,chr5,2608700,C,G,LOW
S18,chr5,2615003,G,A,LOW
S15,chr5,2632686,T,C,LOW
S06,chr5,2732653,G,T,LOW
S21,chr5,2766839,G,G,LOW
S14,chr5,2802162,C,T,MODERATE
S17,chr5,2804430,C,A,LOW
S22,chr5,2818952,G,G,MODERATE
S03,chr5,2834272,G,T,LOW
S14,chr5,2844719,C,C,MODERATE
S24,chr5,2896385,A,T,LOW
S18,chr5,2905309,T,G,LOW
S09,chr5,3023258,G,C,MODERATE
S16,chr5,3141833,C,G,HIGH
S08,chr5,3155572,G,T,LOW
S16,chr5,3180855,A,G,MODERATE
S02,chr5,3259797,T,T,MODERATE
S12,chr5,3273126,C,T,MODERATE
S15,chr5,3275459,G,A,LOW
S12,chr5,3309664,T,C,LOW
S24,chr5,3325570,C,A,LOW
S01,chr5,3351925,G,C,LOW
S22,chr5,3352993,A,G,LOW
S07,chr5,3362205,A,G,HIGH
S23,chr5,3377088,G,C,LOW
S17,chr5,3384842,C,G,LOW
S24,chr5,3386885,A,A,LOW
S02,chr5,3391556,A,A,LOW
S17,chr5,3425649,T,T,LOW
S12,chr5,3435431,G,C,LOW
S14,chr5,3527671,C,T,MODERATE
S20,chr5,3554103,G,C,LOW
S05,chr5,3579023,T,G,MODERATE
S07,chr5,3579734,A,G,LOW
S16,chr5,3636823,T,G,MODERATE
S03,chr5,3708911,A,G,LOW
S18,chr5,3746321,A,A,HIGH
S22,chr5,3755093,A,G,LOW
S21,chr5,3790904,T,A,MODERATE
S14,chr5,3834835,T,A,LOW
S13,chr5,3917450,C,C,MODERATE
S01,chr5,3919735,C,T,MODERATE
S01,chr5,3956168,A,C,LOW
S01,chr5,3976628,C,T,LOW
S14,chr5,3991757,C,G,HIGH
S18,chr5,4005496,C,C,LOW
S01,chr5,4057398,C,A,LOW
S17,chr5,4067977,A,A,LOW
S20,chr5,4110271,G,T,LOW
S11,chr5,4126404,A,A,LOW
S15,chr5,4176719,G,A,LOW
S10,chr5,4198869,C,G,HIGH
S23,chr5,4214657,G,A,MODERATE
S12,chr5,4233416,C,A,HIGH
S20,chr5,4243338,C,C,MODERATE
S11,chr5,4248787,G,G,LOW
S22,chr5,4263152,G,G,LOW
S13,chr5,4265595,A,C,HIGH
S16,chr5,4288660,C,T,LOW
S07,chr5,4346565,C,A,MODERATE
S14,chr5,4347931,G,T,LOW
S07,chr5,4380289,A,C,LOW
S05,chr5,4410635,T,G,LOW
S01,chr5,4429191,T,T,MODERATE
S15,chr5,4438430,G,T,MODERATE
S19,chr5,4473609,G,T,MODERATE
S12,chr5,4497785,A,G,HIGH
S02,chr5,4514116,T,A,LOW
S24,chr5,4549329,A,A,LOW
S02,chr5,4550797,T,C,LOW
S02,chr5,4551421,T,T,HIGH
S18,chr5,4608865,A,C,LOW
S08,chr5,4711641,T,T,LOW
S06,chr5,4715055,A,T,LOW
S08,chr5,4757941,G,T,LOW
S04,chr5,4814529,T,C,HIGH
S19,chr5,4843051,A,A,MODERATE
S02,chr5,4949584,A,A,LOW
S24,chr5,4970869,G,A,MODERATE
S16,chr5,4973483,T,T,MODERATE
S01,chr5,4974196,C,A,LOW
S17,chr5,4990409,T,A,MODERATE
S16,chr5,5096265,T,G,MODERATE
S03,chr5,5108355,G,C,LOW
S15,chr5,5130804,C,G,LOW
S23,chr5,5188068,T,G,LOW
S20,chr5,5188919,A,T,LOW
S20,chr5,5195664,G,G,MODERATE
S22,chr5,5219984,G,A,LOW
S13,chr5,5228214,T,C,LOW
S22,chr5,5233298,G,A,LOW
S21,chr5,5279784,G,A,MODERATE
S02,chr5,5301552,A,C,LOW
S17,chr5,5332713,T,T,MODERATE
S09,chr5,5372899,A,G,LOW
S22,chr5,5374966,A,T,LOW
S18,chr5,5410254,C,T,MODERATE
S04,chr5,5421257,C,A,LOW
S18,chr5,5446505,C,T,LOW
S23,chr5,5448715,C,A,LOW
S04,chr5,5529119,T,C,MODERATE
S10,chr5,5529561,C,T,LOW
S04,chr5,5557748,A,A,LOW
S17,chr5,5596941,G,C,LOW
S09,chr5,5659090,C,G,LOW
S20,chr5,5671690,T,A,LOW
S05,chr5,5748642,G,T,LOW
S17,chr5,5822046,C,T,LOW
S20,chr5,5881576,G,G,LOW
S08,chr5,5968536,T,C,LOW
S09,chr5,6004780,G,G,LOW
S17,chr5,6015904,A,C,LOW
S05,chr5,6019512,T,G,LOW
S08,chr5,6202383,A,T,LOW
S13,chr5,6216544,C,A,LOW
S12,chr5,6370746,A,T,MODERATE
S21,chr5,6423493,A,G,HIGH
S10,chr5,6446686,G,T,MODERATE
S16,chr5,6448425,T,C,LOW
S04,chr5,6452056,T,C,HIGH
S13,chr5,6465430,G,A,LOW
S05,chr5,6539986,A,C,LOW
S04,chr5,6557588,T,A,LOW
S05,chr5,6604402,T,A,MODERATE
S14,chr5,6604938,A,C,MODERATE
S20,chr5,6639930,G,G,LOW
S20,chr5,6649656,G,G,LOW
S16,chr5,6658320,C,A,HIGH
S08,chr5,6672758,G,A,LOW
S15,chr5,6694225,G,G,LOW
S16,chr5,6714455,A,C,LOW
S19,chr5,6724860,G,G,LOW
S23,chr5,6862001,A,A,HIGH
S08,chr5,6949396,T,C,MODERATE
S23,chr5,6967855,A,G,MODERATE
S05,chr5,6987663,A,G,LOW
S09,chr5,7056227,G,C,LOW
S09,chr5,7104726,A,G,HIGH
S23,chr5,7186168,C,T,HIGH
S24,chr5,7194648,G,G,HIGH
S19,chr5,7208820,A,A,LOW
S07,chr5,7250958,C,T,LOW
S18,chr5,7271965,C,A,LOW
S13,chr5,7293629,C,A,HIGH
S23,chr5,7309016,A,A,MODERATE
S06,chr5,7317679,C,C,LOW
S04,chr5,7349136,C,G,LOW
S24,chr5,7349175,C,A,LOW
S05,chr5,7374318,T,G,HIGH
S20,chr5,7383048,C,C,MODERATE
S08,chr5,7384944,A,G,LOW
S02,chr5,7402663,G,G,MODERATE
S12,chr5,7409107,A,C,LOW
S04,chr5,7457263,T,G,MODERATE
S02,chr5,7478965,A,G,MODERATE
S19,chr5,7482960,C,T,HIGH
S17,chr5,7496218,A,A,LOW
S20,chr5,7499872,T,C,MODERATE
S23,chr5,7537812,T,A,MODERATE
S22,chr5,7552280,A,T,LOW
S18,chr5,7558860,C,T,MODERATE
S19,chr5,7574604,C,C,MODERATE
S16,chr5,7592420,T,T,LOW
S14,chr5,7605936,T,C,LOW
S19,chr5,7649665,T,T,LOW
S15,chr5,7683525,A,G,LOW
S09,chr5,7689885,C,G,HIGH
S02,chr5,7692490,G,C,LOW
S15,chr5,7716925,G,G,LOW
S17,chr5,7724913,C,A,HIGH
S14,chr5,7734213,A,A,MODERATE
S19,chr5,7805642,C,G,MODERATE
S17,chr5,7815029,C,C,LOW
S17,chr5,7890676,G,A,LOW
S08,chr5,7914992,T,C,LOW
S04,chr5,7946323,G,A,LOW
S11,chr5,7954510,T,G,HIGH
S14,chr5,7974075,A,G,HIGH
S05,chr5,7977451,C,G,HIGH
S15,chr5,8044022,A,T,LOW
S17,chr5,8052538,G,G,MODERATE
S24,chr5,8063138,C,C,LOW
S20,chr5,8204703,C,A,MODERATE
S07,chr5,8240227,G,G,MODERATE
S02,chr5,8283273,T,T,HIGH
S09,chr5,8318927,C,T,MODERATE
S07,chr5,8329172,C,C,MODERATE
S17,chr5,8391176,T,A,LOW
S04,chr5,8410583,G,A,MODERATE
S13,chr5,8449457,A,G,HIGH
S17,chr5,8450395,T,A,MODERATE
S12,chr5,8483264,T,G,LOW
S11,chr5,8483642,A,A,MODERATE
S15,chr5,8491154,C,G,MODERATE
S23,chr5,8533478,C,C,LOW
S10,chr5,8608356,T,T,HIGH
S03,chr5,8635221,G,T,LOW
S06,chr5,8694609,G,C,LOW
S24,chr5,8705437,G,C,HIGH
S14,chr5,8719725,G,C,LOW
S19,chr5,8824462,T,G,LOW
S08,chr5,8833485,A,T,LOW
S17,chr5,8853280,A,G,LOW
S21,chr5,8857157,G,A,LOW
S18,chr5,8865507,A,C,MODERATE
S23,chr5,8876216,G,G,LOW
S01,chr5,8913203,C,C,MODERATE
S17,chr5,8939676,A,A,MODERATE
S21,chr5,8987000,T,C,LOW
S20,chr5,9025992,C,T,LOW
S17,chr5,9027072,G,G,LOW
S11,chr5,9031416,T,A,MODERATE
S22,chr5,9072083,T,C,LOW
S09,chr5,9076535,T,C,MODERATE
S14,chr5,9093489,T,T,LOW
S06,chr5,9109524,G,A,LOW
S16,chr5,9136707,G,T,LOW
S04,chr5,9151244,G,T,LOW
S11,chr5,9178461,T,G,MODERATE
S19,chr5,9188373,A,G,MODERATE
S11,chr5,9203012,A,A,LOW
S03,chr5,9258195,C,G,MODERATE
S15,chr5,9291769,T,C,LOW
S14,chr5,9317125,G,C,MODERATE
S02,chr5,9347422,T,T,HIGH
S11,chr5,9373423,C,G,LOW
S24,chr5,9391326,C,G,MODERATE
S05,chr5,9403017,A,T,MODERATE
S16,chr5,9414387,A,T,LOW
S22,chr5,9449773,T,C,MODERATE
S20,chr5,9462812,A,G,MODERATE
S21,chr5,9476551,C,G,MODERATE
S10,chr5,9491017,A,G,LOW
S19,chr5,9500568,C,T,LOW
S16,chr5,9540089,G,G,LOW
S22,chr5,9579293,C,C,LOW
S19,chr5,9581358,T,T,LOW
S05,chr5,9607486,G,T,MODERATE
S21,chr5,9647754,T,A,MODERATE
S06,chr5,9693379,T,A,MODERATE
S18,chr5,9712278,A,G,HIGH
S09,chr5,9832531,G,G,LOW
S07,chr5,9839987,A,C,LOW
S06,chr5,9846853,T,C,LOW
S07,chr5,9862437,C,T,MODERATE
S05,chr5,9877118,C,C,LOW
S01,chr5,10133539,C,T,LOW
S10,chr5,10153093,C,A,LOW
S22,chr5,10158856,T,T,LOW
S24,chr5,10165690,G,C,LOW
S03,chr5,10180608,C,C,MODERATE
S10,chr5,10188207,C,T,LOW
S13,chr5,10191923,A,A,LOW
S18,chr5,10193874,T,C,MODERATE
S17,chr5,10223720,A,G,MODERATE
S05,chr5,10262003,C,G,MODERATE
S22,chr5,10269646,T,T,LOW
S03,chr5,10313222,T,T,LOW
S11,chr5,10335796,G,C,LOW
S08,chr5,10337991,A,C,LOW
S09,chr5,10368707,A,G,MODERATE
S11,chr5,10371771,C,A,LOW
S22,chr5,10414858,A,C,LOW
S21,chr5,10431979,C,T,MODERATE
S12,chr5,10460890,T,G,LOW
S17,chr5,10505921,T,C,LOW
S06,chr5,10531412,G,G,LOW
S03,chr5,10543345,T,G,LOW
S09,chr5,10544282,C,C,HIGH
S03,chr5,10597394,G,G,LOW
S09,chr5,10648042,C,G,MODERATE
S15,chr5,10698042,T,C,MODERATE
S13,chr5,10699573,C,C,LOW
S01,chr5,10738900,A,A,LOW
S24,chr5,10753768,G,T,LOW
S23,chr5,10769209,T,A,LOW
S17,chr5,10786202,A,C,MODERATE
S10,chr5,10851354,C,G,LOW
S12,chr5,10860414,A,T,MODERATE
S11,chr5,10878557,C,G,HIGH
S14,chr5,10900967,A,C,MODERATE
S11,chr5,10905828,G,T,MODERATE
S07,chr5,10910095,G,G,LOW
S05,chr5,10912498,G,C,MODERATE
S17,chr5,10926022,C,C,LOW
S19,chr5,10941184,G,G,MODERATE
S17,chr5,10966658,C,C,LOW
S08,chr5,10977456,G,G,HIGH
S14,chr5,11009295,A,G,HIGH
S12,chr5,11044453,C,C,LOW
S01,chr5,11079058,A,A,LOW
S08,chr5,11082024,G,C,LOW
S20,chr5,11124305,T,C,LOW
S06,chr5,11129226,C,T,LOW
S22,chr5,11161007,A,T,MODERATE
S14,chr5,11188638,T,A,LOW
S02,chr5,11264793,C,G,LOW
S06,chr5,11265229,G,G,MODERATE
S13,chr5,11358676,A,A,HIGH
S06,chr5,11414333,C,C,MODERATE
S18,chr5,11450144,T,C,LOW
S11,chr5,11459867,A,T,LOW
S13,chr5,11476452,C,C,LOW
S06,chr5,11503633,C,C,MODERATE
S20,chr5,11534971,C,A,MODERATE
S23,chr5,11589843,G,A,LOW
S05,chr5,11638040,C,T,MODERATE
S15,chr5,11640284,A,G,LOW
S23,chr5,11659212,C,G,MODERATE
S03,chr5,11669357,C,G,LOW
S02,chr5,11684483,C,A,MODERATE
S19,chr5,11700560,A,T,LOW
S23,chr5,11702421,C,C,LOW
S04,chr5,11724660,T,G,LOW
S24,chr5,11725702,A,C,LOW
S16,chr5,11736044,T,T,MODERATE
S07,chr5,11764026,A,A,LOW
S08,chr5,11784513,A,G,LOW
S03,chr5,11797544,C,A,HIGH
S05,chr5,11851922,C,A,MODERATE
S05,chr5,11970051,A,T,LOW
S22,chr5,11977567,T,A,HIGH
S08,chr5,11979015,C,C,LOW
